Player,Team,Salary
Le'Veon Bell,PIT,9100
Ezekiel Elliott,DAL,9000
Antonio Brown,PIT,8900
Kareem Hunt,KC,8800
Leonard Fournette,JAX,8600
Julio Jones,ATL,8500
A.J. Green,CIN,8300
Todd Gurley ,LAR,8200
Tom Brady,NE,8000
Dez Bryant,DAL,7800
Mike Evans,TB,7600
Drew Brees,NO,7600
Michael Thomas,NO,7500
Matt Ryan,ATL,7500
LeSean McCoy,BUF,7400
Brandin Cooks,NE,7400
Larry Fitzgerald,ARI,7300
Dak Prescott,DAL,7300
Devonta Freeman,ATL,7300
Rob Gronkowski,NE,7300
C.J. Anderson,DEN,7200
Cam Newton,CAR,7000
Melvin Gordon,LAC,7000
Chris Hogan,NE,7000
Kelvin Benjamin,CAR,6900
Marcus Mariota,TEN,6900
Stefon Diggs,MIN,6900
Zach Ertz,PHI,6900
Aaron Rodgers,GB,6800
Jordy Nelson,GB,6800
Jarvis Landry,MIA,6800
Tyreek Hill,KC,6700
Mark Ingram,NO,6700
Adam Thielen,MIN,6700
Carson Wentz,PHI,6700
Carson Palmer,ARI,6600
Doug Baldwin,SEA,6600
David Johnson,ARI,6500
DeVante Parker,MIA,6500
Kirk Cousins,WAS,6500
Alex Smith,KC,6400
Travis Kelce,KC,6400
Jordan Howard,CHI,6400
Russell Wilson,SEA,6400
Jerick McKinnon,MIN,6300
Keenan Allen,LAC,6300
DeMarco Murray,TEN,6200
Jay Ajayi,MIA,6200
Ben Roethlisberger,PIT,6200
Alshon Jeffery,PHI,6200
Michael Crabtree,OAK,6100
Christian McCaffrey,CAR,6100
T.Y. Hilton,IND,6100
Derek Carr,OAK,6000
Jameis Winston,TB,6000
Devin Funchess,CAR,6000
Doug Martin,TB,5900
Sam Bradford,MIN,5900
Carlos Hyde,SF,5900
Emmanuel Sanders,DEN,5900
Delanie Walker,TEN,5800
Davante Adams,GB,5800
Adrian Peterson,ARI,5800
Jared Goff,LAR,5800
Pierre Garcon,SF,5800
Demaryius Thomas,DEN,5800
DeSean Jackson,TB,5700
Andy Dalton,CIN,5700
Darren McFadden,DAL,5700
Chris Thompson,WAS,5700
Derek Anderson,CAR,5600
Alvin Kamara,NO,5600
Danny Amendola,NE,5600
Amari Cooper,OAK,5500
Rishard Matthews,TEN,5500
Derrick Henry,TEN,5500
Ty Montgomery,GB,5500
Andrew Luck,IND,5500
Jimmy Garoppolo,NE,5500
Alfred Morris,DAL,5400
Trevor Siemian,DEN,5400
Randall Cobb,GB,5300
Javorius Allen,BAL,5300
Philip Rivers,LAC,5300
Terrelle Pryor Sr.,WAS,5300
Aaron Jones,GB,5200
Josh McCown,NYJ,5200
Sterling Shepard,NYG,5200
Tyrod Taylor,BUF,5100
Brett Hundley,GB,5100
Bilal Powell,NYJ,5100
Ryan Fitzpatrick,TB,5000
Matt Cassel,TEN,5000
Kevin Hogan,CLE,5000
Jacoby Brissett,IND,5000
Austin Seferian-Jenkins,NYJ,5000
Case Keenum,MIN,5000
Joe Mixon,CIN,5000
Cole Beasley,DAL,5000
James White,NE,5000
Duke Johnson Jr.,CLE,4900
DeShone Kizer,CLE,4900
John Brown,ARI,4900
C.J. Beathard,SF,4900
Jimmy Graham,SEA,4900
Taylor Gabriel,ATL,4900
Nelson Agholor,PHI,4900
EJ Manuel,OAK,4800
Corey Coleman,CLE,4800
Chris Ivory,JAX,4800
Brian Hoyer,SF,4800
Eli Manning,NYG,4800
Tevin Coleman,ATL,4800
Mohamed Sanu,ATL,4800
Jordan Reed,WAS,4800
Patrick Mahomes II,KC,4700
Cameron Brate,TB,4700
Tarik Cohen,CHI,4700
Blake Bortles,JAX,4700
Jay Cutler,MIA,4700
Jermaine Kearse,NYJ,4700
Joe Flacco,BAL,4700
AJ McCarron,CIN,4700
Dion Lewis,NE,4700
Wendell Smallwood,PHI,4700
Colt McCoy,WAS,4700
Marshawn Lynch,OAK,4600
Greg Olsen,CAR,4600
Mitchell Trubisky,CHI,4600
Chase Daniel,NO,4600
Cooper Kupp,LAR,4600
Corey Davis,TEN,4500
Matt Moore,MIA,4500
Matt Forte,NYJ,4500
Landry Jones,PIT,4500
James Conner,PIT,4500
Jason Witten,DAL,4500
Cooper Rush,DAL,4500
Cardale Jones,LAC,4500
Geno Smith,NYG,4500
Mike Gillislee,NE,4500
LeGarrette Blount,PHI,4500
Charcandrick West,KC,4400
Mike Glennon,CHI,4400
Jaron Brown,ARI,4400
Sammy Watkins,LAR,4400
Kenny Stills,MIA,4400
Matt Breida,SF,4400
Evan Engram,NYG,4400
Nick Foles,PHI,4400
Eric Decker,TEN,4300
Chad Henne,JAX,4300
Scott Tolzien,IND,4300
Marqise Lee,JAX,4300
T.J. Yeldon,JAX,4300
Blaine Gabbert,ARI,4300
Andre Ellington,ARI,4300
Martavis Bryant,PIT,4300
Austin Davis,SEA,4300
Matt Schaub,ATL,4300
Samaje Perine,WAS,4300
Adam Humphries,TB,4200
Ricardo Louis,CLE,4200
Jamaal Williams,GB,4200
Sean Mannion,LAR,4200
Robby Anderson,NYJ,4200
Elijah McGuire,NYJ,4200
Jeremy Maclin,BAL,4200
Hunter Henry,LAC,4200
Paul Richardson,SEA,4200
Rob Kelley,WAS,4200
Jamison Crowder,WAS,4200
Ted Ginn Jr.,NO,4100
Frank Gore,IND,4100
Allen Hurns,JAX,4100
Marlon Mack,IND,4100
Jeremy Kerley,NYJ,4100
Mike Wallace,BAL,4100
Jamaal Charles,DEN,4100
Brock Osweiler,DEN,4100
Tyler Lockett,SEA,4100
Thomas Rawls,SEA,4100
C.J. Prosise,SEA,4100
Austin Hooper,ATL,4100
Tyler Bray,KC,4000
Connor Cook,OAK,4000
Joe Webb,BUF,4000
Charles Clay,BUF,4000
Jacquizz Rodgers,TB,4000
Ryan Griffin,TB,4000
Nathan Peterman,BUF,4000
Mark Sanchez,CHI,4000
Brad Kaaya,CAR,4000
Kenny Britt,CLE,4000
Brandon Weeden,TEN,4000
Josh Gordon,CLE,4000
Cody Kessler,CLE,4000
Isaiah Crowell,CLE,4000
Taysom Hill,NO,4000
Willie Snead,NO,4000
Drew Stanton,ARI,4000
Robert Woods,LAR,4000
J.J. Nelson,ARI,4000
Brandon Allen,LAR,4000
Bryce Petty,NYJ,4000
Kenyan Drake,MIA,4000
Christian Hackenberg,NYJ,4000
Ryan Mallett,BAL,4000
Latavius Murray,MIN,4000
Teddy Bridgewater,MIN,4000
Kyle Sloter,MIN,4000
Alex Collins,BAL,4000
Jeff Driskel,CIN,4000
Joshua Dobbs,PIT,4000
Kellen Moore,DAL,4000
Kellen Clemens,LAC,4000
Branden Oliver,LAC,4000
Tyrell Williams,LAC,4000
Chad Kelly,DEN,4000
Paxton Lynch,DEN,4000
Seahawks ,SEA,4000
Davis Webb,NYG,4000
Jalen Richard,OAK,3900
Malcolm Brown,LAR,3900
Terrance West,BAL,3900
Terrance Williams,DAL,3900
Marquise Goodwin,SF,3900
Eddie Lacy,SEA,3900
Wayne Gallman,NYG,3900
Corey Clement,PHI,3900
Mike Tolbert,BUF,3800
Jonathan Stewart,CAR,3800
Russell Shepard,CAR,3800
Corey Grant,JAX,3800
Kyle Rudolph,MIN,3800
Giovani Bernard,CIN,3800
JuJu Smith-Schuster,PIT,3800
Roger Lewis,NYG,3800
Rex Burkhead,NE,3800
Josh Doctson,WAS,3800
Albert Wilson,KC,3700
DeAndre Washington,OAK,3700
Jordan Matthews,BUF,3700
Kendall Wright,CHI,3700
Curtis Samuel,CAR,3700
Jaguars ,JAX,3700
Robert Turbin,IND,3700
Damien Williams,MIA,3700
Danny Woodhead,BAL,3700
Aldrick Robinson,SF,3700
Brice Butler,DAL,3700
Orleans Darkwa,NYG,3700
Justin Hardy,ATL,3700
Phillip Dorsett,NE,3700
Vernon Davis,WAS,3700
Seth Roberts,OAK,3600
Zay Jones,BUF,3600
Panthers ,CAR,3600
George Kittle,SF,3600
De'Angelo Henderson,DEN,3600
Shane Vereen,NYG,3600
Malcolm Mitchell,NE,3600
Kenjon Barner,PHI,3600
Torrey Smith,PHI,3600
Jared Cook,OAK,3500
Brandon Tate,BUF,3500
Charles Sims,TB,3500
Ed Dickson,CAR,3500
Geronimo Allison,GB,3500
Cowboys ,DAL,3500
Broncos ,DEN,3500
Devontae Booker,DEN,3500
Austin Ekeler,LAC,3500
Andre Roberts,ATL,3500
Marvin Hall,ATL,3500
Ryan Grant,WAS,3500
Bills ,BUF,3400
Andre Holmes,BUF,3400
Titans ,TEN,3400
Kasen Williams,CLE,3400
Jack Doyle,IND,3400
Jeremy Hill,CIN,3400
Mike Williams,LAC,3400
Taywan Taylor,TEN,3300
Martellus Bennett,GB,3300
Brandon Coleman,NO,3300
Jeff Janis,GB,3300
Donte Moncrief,IND,3300
Vikings ,MIN,3300
Michael Campanaro,BAL,3300
Laquon Treadwell,MIN,3300
Brandon LaFell,CIN,3300
Rod Smith,DAL,3300
Travis Benjamin,LAC,3300
Bennie Fowler,DEN,3300
Tavarres King,NYG,3300
J.D. McKissic,SEA,3300
Paul Perkins,NYG,3300
Ed Eagan,NYG,3300
Travis Rudolph,NYG,3300
Zach Miller,CHI,3200
Markus Wheaton,CHI,3200
Rashard Higgins,CLE,3200
Jaelen Strong,JAX,3200
Kerwynn Williams,ARI,3200
Michael Floyd,MIN,3200
Steelers ,PIT,3200
John Ross,CIN,3200
Trent Taylor,SF,3200
Nick Williams,ATL,3200
Nick O'Leary,BUF,3100
Tavon Austin,LAR,3100
Dolphins ,MIA,3100
Jakeem Grant,MIA,3100
Tyler Boyd,CIN,3100
Anthony Sherman,KC,3000
Marcus Kemp,KC,3000
Jamize Olawale,OAK,3000
Chris Conley,KC,3000
Akeem Hunt,KC,3000
De'Anthony Thomas,KC,3000
Cordarrelle Patterson,OAK,3000
Jehu Chesson,KC,3000
Demarcus Robinson,KC,3000
Johnny Holton,OAK,3000
Taiwan Jones,BUF,3000
Joe Banyard,BUF,3000
Patrick DiMarco,BUF,3000
Walter Powell,BUF,3000
Kaelin Clay,BUF,3000
Bernard Reedy,TB,3000
Peyton Barber,TB,3000
Chris Godwin,TB,3000
Fozzy Whittaker,CAR,3000
Benny Cunningham,CHI,3000
Josh Bellamy,CHI,3000
Michael Burton,CHI,3000
Tre McBride,CHI,3000
Damiere Byrd,CAR,3000
Cameron Artis-Payne,CAR,3000
Tanner Gentry,CHI,3000
Taquan Mizzell,CHI,3000
Alex Armah,CAR,3000
Eric Weems,TEN,3000
James Wright,CLE,3000
Jalston Fowler,TEN,3000
David Fluellen,TEN,3000
Sammie Coates,CLE,3000
Darius Jennings,TEN,3000
Bryce Treggs,CLE,3000
Danny Vitale,CLE,3000
Matthew Dayes,CLE,3000
Saints ,NO,3000
Coby Fleener,NO,3000
Zach Line,NO,3000
Aaron Ripkowski,GB,3000
Tommylee Lewis,NO,3000
Trevor Davis,GB,3000
Trey Edmunds,NO,3000
Austin Carr,NO,3000
Devante Mays,GB,3000
Arrelious Benn,JAX,3000
Kamar Aiken,IND,3000
George Winn,IND,3000
Tommy Bohanon,JAX,3000
Quan Bray,IND,3000
Max McCaffrey,JAX,3000
Matt Jones,IND,3000
Chester Rogers,IND,3000
Keelan Cole,JAX,3000
Dede Westbrook,JAX,3000
Lance Dunbar,LAR,3000
Elijhaa Penny,ARI,3000
Brittan Golden,ARI,3000
D.J. Foster,ARI,3000
Justin Davis,LAR,3000
T.J. Logan,ARI,3000
Pharoh Cooper,LAR,3000
Chad Williams,ARI,3000
Josh Reynolds,LAR,3000
Michael Thomas,LAR,3000
Jets ,NYJ,3000
Travaris Cadet,NYJ,3000
Senorise Perry,MIA,3000
Rashawn Scott,MIA,3000
Lawrence Thomas,NYJ,3000
Leonte Carroo,MIA,3000
Jalin Marshall,NYJ,3000
Lucky Whitehead,NYJ,3000
ArDarius Stewart,NYJ,3000
Chad Hansen,NYJ,3000
Isaiah Ford,MIA,3000
Benjamin Watson,BAL,3000
Bobby Rainey,BAL,3000
Jarius Wright,MIN,3000
Chris Matthews,BAL,3000
Chris Moore,BAL,3000
Breshad Perriman,BAL,3000
Stacy Coley,MIN,3000
Rodney Adams,MIN,3000
C.J. Ham,MIN,3000
Darrius Heyward-Bey,PIT,3000
Justin Hunter,PIT,3000
Roosevelt Nix,PIT,3000
Tyler Kroft,CIN,3000
Eli Rogers,PIT,3000
Tra Carson,CIN,3000
Terrell Watson,PIT,3000
Alex Erickson,CIN,3000
Cody Core,CIN,3000
Josh Malone,CIN,3000
Kyle Juszczyk,SF,3000
Keith Smith,DAL,3000
Raheem Mostert,SF,3000
Ryan Switzer,DAL,3000
Victor Bolden Jr.,SF,3000
Kendrick Bourne,SF,3000
Noah Brown,DAL,3000
Dontrelle Inman,LAC,3000
Jordan Taylor,DEN,3000
Andre Williams,LAC,3000
Derek Watt,LAC,3000
Cody Latimer,DEN,3000
Andy Janovich,DEN,3000
Isaiah McKenzie,DEN,3000
Tre Madden,SEA,3000
Tanner McEvoy,SEA,3000
Amara Darboh,SEA,3000
Terron Ward,ATL,3000
Derrick Coleman,ATL,3000
Brandon Bolden,NE,3000
James Develin,NE,3000
Matthew Slater,NE,3000
Marcus Johnson,PHI,3000
Mack Hollins,PHI,3000
Shelton Gibson,PHI,3000
Mack Brown,WAS,3000
Brian Quick,WAS,3000
David Njoku,CLE,2900
Ravens ,BAL,2900
Jesse James,PIT,2900
Chiefs ,KC,2800
Demetrius Harris,KC,2800
Colts ,IND,2800
Antonio Gates,LAC,2800
A.J. Derby,DEN,2800
Eagles ,PHI,2800
Buccaneers ,TB,2700
Tyler Higbee,LAR,2700
Dwayne Allen,NE,2700
Logan Thomas,BUF,2600
O.J. Howard,TB,2600
Dion Sims,CHI,2600
Seth DeValve,CLE,2600
Jonnu Smith,TEN,2600
Marcedes Lewis,JAX,2600
Rams ,LAR,2600
Jermaine Gresham,ARI,2600
Gerald Everett,LAR,2600
Julius Thomas,MIA,2600
Vance McDonald,PIT,2600
Giants ,NYG,2600
Luke Willson,SEA,2600
Raiders ,OAK,2500
Lee Smith,OAK,2500
James Winchester,KC,2500
Clive Walford,OAK,2500
Ross Travis,KC,2500
Luke Stocker,TB,2500
Khari Lee,BUF,2500
Antony Auclair,TB,2500
Andrew DePaola,CHI,2500
Daniel Brown,CHI,2500
Chris Manhertz,CAR,2500
Adam Shaheen,CHI,2500
Beau Brinkley,TEN,2500
Randall Telfer,CLE,2500
Phillip Supernaw,TEN,2500
Lance Kendricks,GB,2500
Michael Hoomanawanui,NO,2500
Josh Hill,NO,2500
Richard Rodgers,GB,2500
Brandon Williams,IND,2500
Erik Swoope,IND,2500
James O'Shaughnessy,JAX,2500
Ben Koyack,JAX,2500
Henry Krieger-Coble,IND,2500
Darrell Daniels,IND,2500
Ifeanyi Momah,ARI,2500
Troy Niklas,ARI,2500
Derek Carrier,LAR,2500
Ricky Seals-Jones,ARI,2500
Anthony Fasano,MIA,2500
MarQueis Gray,MIA,2500
Eric Tomlinson,NYJ,2500
Jordan Leggett,NYJ,2500
Kevin McDermott,MIN,2500
Blake Bell,MIN,2500
Nick Boyle,BAL,2500
David Morgan,MIN,2500
Maxx Williams,BAL,2500
Vince Mayle,BAL,2500
Bengals ,CIN,2500
Clark Harris,CIN,2500
Ryan Hewitt,CIN,2500
Xavier Grimble,PIT,2500
C.J. Uzomah,CIN,2500
Cethan Carter,CIN,2500
Logan Paulsen,SF,2500
Kyle Nelson,SF,2500
Garrett Celek,SF,2500
James Hanna,DAL,2500
Rico Gathers,DAL,2500
Cole Hikutini,SF,2500
Geoff Swaim,DAL,2500
Virgil Green,DEN,2500
Sean McGrath,LAC,2500
Jeff Heuerman,DEN,2500
Sean Culkin,LAC,2500
Jake Butt,DEN,2500
Rhett Ellison,NYG,2500
Tyler Ott,SEA,2500
Matt LaCosse,NYG,2500
Nick Vannett,SEA,2500
Jerell Adams,NYG,2500
Eric Saubert,ATL,2500
Levine Toilolo,ATL,2500
Jacob Hollister,NE,2500
Trey Burton,PHI,2500
Brent Celek,PHI,2500
Niles Paul,WAS,2500
Jeremy Sprinkle,WAS,2500
Cardinals ,ARI,2400
Chargers ,LAC,2400
Redskins ,WAS,2400
Browns ,CLE,2300
Packers ,GB,2300
Patriots ,NE,2300
Bears ,CHI,2200
49ers ,SF,2100
Falcons ,ATL,2100
